ID	VHH_Length	FR1	CDR1	CDR1_Len	FR2	CDR2	CDR2_Len	FR3	CDR3	CDR3_Len	FR4
VHH_001	120	QVQLQQSGPGLVKPSQTLSLTCAIS	GDSVSSNNFG	10	WNWIRQSPSRGLEXL	GRTYYRSK	8	WYNDYAVSVRSRITINPDTSKNQFSLQLNSVTPEDTAVYYC	ARQGSTYFDY	10	WGQGTLVTVSS
VHH_002	120	QVQLQQSGPGLVKPSQTLSLTCAIS	GDSVSSNNFG	10	WNWIRQSPSRGLEXL	GRTYYRSK	8	WYNDYAVSVRSRITINPDTSKNQFSLQLNSVTPEDTAVYYC	ARQGSTYFDY	10	WGQGTLVTVSS
VHH_003	120	QVQLQQSGPGLVKPSQTLSLTCAIS	GDSVSSNNFG	10	WNWIRQSPSRGLEXL	GRTYYRSK	8	WYNDYAVSVRSRITINPDTSKNQFSLQLNSVTPEDTAVYYC	ARQGSTYFDY	10	WGQGTLVTVSS
VHH_004	120	QVQLQQSGPGLVKPSQTLSLTCAIS	GDSVSSNNFG	10	WNWIRQSPSRGLEXL	GRTYYRSK	8	WYNDYAVSVRSRITINPDTSKNQFSLQLNSVTPEDTAVYYC	ARQGSTYFDY	10	WGQGTLVTVSS
VHH_005	120	QVQLQQSGPGLVKPSQTLSLTCAIS	GDSVSSNNFG	10	WNWIRQSPSRGLEXL	GRTYYRSK	8	WYNDYAVSVRSRITINPDTSKNQFSLQLNSVTPEDTAVYYC	ARQGSTYFDY	10	WGQGTLVTVSS
VHH_006	120	QVQLQQSGPGLVKPSQTLSLTCAIS	GDSVSSNNFG	10	WNWIRQSPSRGLEXL	GRTYYRSK	8	WYNDYAVSVRSRITINPDTSKNQFSLQLNSVTPEDTAVYYC	ARQGSTYFDY	10	WGQGTLVTVSS
VHH_007	120	QVQLQQSGPGLVKPSQTLSLTCAIS	GDSVSSNNFG	10	WNWIRQSPSRGLEXL	GRTYYRSK	8	WYNDYAVSVRSRITINPDTSKNQFSLQLNSVTPEDTAVYYC	ARQGSTYFDY	10	WGQGTLVTVSS
VHH_008	120	QVQLQQSGPGLVKPSQTLSLTCAIS	GDSVSSNNFG	10	WNWIRQSPSRGLEXL	GRTYYRSK	8	WYNDYAVSVRSRITINPDTSKNQFSLQLNSVTPEDTAVYYC	ARQGSTYFDY	10	WGQGTLVTVSS
VHH_009	120	QVQLQQSGPGLVKPSQTLSLTCAIS	GDSVSSNNFG	10	WNWIRQSPSRGLEXL	GRTYYRSK	8	WYNDYAVSVRSRITINPDTSKNQFSLQLNSVTPEDTAVYYC	ARQGSTYFDY	10	WGQGTLVTVSS
VHH_010	120	QVQLQQSGPGLVKPSQTLSLTCAIS	GDSVSSNNFG	10	WNWIRQSPSRGLEXL	GRTYYRSK	8	WYNDYAVSVRSRITINPDTSKNQFSLQLNSVTPEDTAVYYC	ARQGSTYFDY	10	WGQGTLVTVSS
VHH_011	120	QVQLQQSGPGLVKPSQTLSLTCAIS	GDSVSSNNFG	10	WNWIRQSPSRGLEXL	GRTYYRSK	8	WYNDYAVSVRSRITINPDTSKNQFSLQLNSVTPEDTAVYYC	ARQGSTYFDY	10	WGQGTLVTVSS
VHH_012	120	QVQLQQSGPGLVKPSQTLSLTCAIS	GDSVSSNNFG	10	WNWIRQSPSRGLEXL	GRTYYRSK	8	WYNDYAVSVRSRITINPDTSKNQFSLQLNSVTPEDTAVYYC	ARQGSTYFDY	10	WGQGTLVTVSS
VHH_013	120	QVQLQQSGPGLVKPSQTLSLTCAIS	GDSVSSNNFG	10	WNWIRQSPSRGLEXL	GRTYYRSK	8	WYNDYAVSVRSRITINPDTSKNQFSLQLNSVTPEDTAVYYC	ARQGSTYFDY	10	WGQGTLVTVSS
VHH_014	120	QVQLQQSGPGLVKPSQTLSLTCAIS	GDSVSSNNFG	10	WNWIRQSPSRGLEXL	GRTYYRSK	8	WYNDYAVSVRSRITINPDTSKNQFSLQLNSVTPEDTAVYYC	ARQGSTYFDY	10	WGQGTLVTVSS
VHH_015	120	QVQLQQSGPGLVKPSQTLSLTCAIS	GDSVSSNNFG	10	WNWIRQSPSRGLEXL	GRTYYRSK	8	WYNDYAVSVRSRITINPDTSKNQFSLQLNSVTPEDTAVYYC	ARQGSTYFDY	10	WGQGTLVTVSS
VHH_016	120	QVQLQQSGPGLVKPSQTLSLTCAIS	GDSVSSNNFG	10	WNWIRQSPSRGLEXL	GRTYYRSK	8	WYNDYAVSVRSRITINPDTSKNQFSLQLNSVTPEDTAVYYC	ARQGSTYFDY	10	WGQGTLVTVSS
VHH_017	120	QVQLQQSGPGLVKPSQTLSLTCAIS	GDSVSSNNFG	10	WNWIRQSPSRGLEXL	GRTYYRSK	8	WYNDYAVSVRSRITINPDTSKNQFSLQLNSVTPEDTAVYYC	ARQGSTYFDY	10	WGQGTLVTVSS
VHH_018	120	QVQLQQSGPGLVKPSQTLSLTCAIS	GDSVSSNNFG	10	WNWIRQSPSRGLEXL	GRTYYRSK	8	WYNDYAVSVRSRITINPDTSKNQFSLQLNSVTPEDTAVYYC	ARQGSTYFDY	10	WGQGTLVTVSS
VHH_019	120	QVQLQQSGPGLVKPSQTLSLTCAIS	GDSVSSNNFG	10	WNWIRQSPSRGLEXL	GRTYYRSK	8	WYNDYAVSVRSRITINPDTSKNQFSLQLNSVTPEDTAVYYC	ARQGSTYFDY	10	WGQGTLVTVSS
VHH_020	120	QVQLQQSGPGLVKPSQTLSLTCAIS	GDSVSSNNFG	10	WNWIRQSPSRGLEXL	GRTYYRSK	8	WYNDYAVSVRSRITINPDTSKNQFSLQLNSVTPEDTAVYYC	ARQGSTYFDY	10	WGQGTLVTVSS
VHH_021	120	QVQLQQSGPGLVKPSQTLSLTCAIS	GDSVSSNNFG	10	WNWIRQSPSRGLEXL	GRTYYRSK	8	WYNDYAVSVRSRITINPDTSKNQFSLQLNSVTPEDTAVYYC	ARQGSTYFDY	10	WGQGTLVTVSS
VHH_022	120	QVQLQQSGPGLVKPSQTLSLTCAIS	GDSVSSNNFG	10	WNWIRQSPSRGLEXL	GRTYYRSK	8	WYNDYAVSVRSRITINPDTSKNQFSLQLNSVTPEDTAVYYC	ARQGSTYFDY	10	WGQGTLVTVSS
VHH_023	120	QVQLQQSGPGLVKPSQTLSLTCAIS	GDSVSSNNFG	10	WNWIRQSPSRGLEXL	GRTYYRSK	8	WYNDYAVSVRSRITINPDTSKNQFSLQLNSVTPEDTAVYYC	ARQGSTYFDY	10	WGQGTLVTVSS
VHH_024	120	QVQLQQSGPGLVKPSQTLSLTCAIS	GDSVSSNNFG	10	WNWIRQSPSRGLEXL	GRTYYRSK	8	WYNDYAVSVRSRITINPDTSKNQFSLQLNSVTPEDTAVYYC	ARQGSTYFDY	10	WGQGTLVTVSS
VHH_025	120	QVQLQQSGPGLVKPSQTLSLTCAIS	GDSVSSNNFG	10	WNWIRQSPSRGLEXL	GRTYYRSK	8	WYNDYAVSVRSRITINPDTSKNQFSLQLNSVTPEDTAVYYC	ARQGSTYFDY	10	WGQGTLVTVSS
VHH_026	120	QVQLQQSGPGLVKPSQTLSLTCAIS	GDSVSSNNFG	10	WNWIRQSPSRGLEXL	GRTYYRSK	8	WYNDYAVSVRSRITINPDTSKNQFSLQLNSVTPEDTAVYYC	ARQGSTYFDY	10	WGQGTLVTVSS
VHH_027	120	QVQLQQSGPGLVKPSQTLSLTCAIS	GDSVSSNNFG	10	WNWIRQSPSRGLEXL	GRTYYRSK	8	WYNDYAVSVRSRITINPDTSKNQFSLQLNSVTPEDTAVYYC	ARQGSTYFDY	10	WGQGTLVTVSS
VHH_028	120	QVQLQQSGPGLVKPSQTLSLTCAIS	GDSVSSNNFG	10	WNWIRQSPSRGLEXL	GRTYYRSK	8	WYNDYAVSVRSRITINPDTSKNQFSLQLNSVTPEDTAVYYC	ARQGSTYFDY	10	WGQGTLVTVSS
VHH_029	120	QVQLQQSGPGLVKPSQTLSLTCAIS	GDSVSSNNFG	10	WNWIRQSPSRGLEXL	GRTYYRSK	8	WYNDYAVSVRSRITINPDTSKNQFSLQLNSVTPEDTAVYYC	ARQGSTYFDY	10	WGQGTLVTVSS
VHH_030	120	QVQLQQSGPGLVKPSQTLSLTCAIS	GDSVSSNNFG	10	WNWIRQSPSRGLEXL	GRTYYRSK	8	WYNDYAVSVRSRITINPDTSKNQFSLQLNSVTPEDTAVYYC	ARQGSTYFDY	10	WGQGTLVTVSS
VHH_031	120	QVQLQQSGPGLVKPSQTLSLTCAIS	GDSVSSNNFG	10	WNWIRQSPSRGLEXL	GRTYYRSK	8	WYNDYAVSVRSRITINPDTSKNQFSLQLNSVTPEDTAVYYC	ARQGSTYFDY	10	WGQGTLVTVSS
VHH_032	120	QVQLQQSGPGLVKPSQTLSLTCAIS	GDSVSSNNFG	10	WNWIRQSPSRGLEXL	GRTYYRSK	8	WYNDYAVSVRSRITINPDTSKNQFSLQLNSVTPEDTAVYYC	ARQGSTYFDY	10	WGQGTLVTVSS
VHH_033	120	QVQLQQSGPGLVKPSQTLSLTCAIS	GDSVSSNNFG	10	WNWIRQSPSRGLEXL	GRTYYRSK	8	WYNDYAVSVRSRITINPDTSKNQFSLQLNSVTPEDTAVYYC	ARQGSTYFDY	10	WGQGTLVTVSS
VHH_034	120	QVQLQQSGPGLVKPSQTLSLTCAIS	GDSVSSNNFG	10	WNWIRQSPSRGLEXL	GRTYYRSK	8	WYNDYAVSVRSRITINPDTSKNQFSLQLNSVTPEDTAVYYC	ARQGSTYFDY	10	WGQGTLVTVSS
VHH_035	120	QVQLQQSGPGLVKPSQTLSLTCAIS	GDSVSSNNFG	10	WNWIRQSPSRGLEXL	GRTYYRSK	8	WYNDYAVSVRSRITINPDTSKNQFSLQLNSVTPEDTAVYYC	ARQGSTYFDY	10	WGQGTLVTVSS
VHH_036	120	QVQLQQSGPGLVKPSQTLSLTCAIS	GDSVSSNNFG	10	WNWIRQSPSRGLEXL	GRTYYRSK	8	WYNDYAVSVRSRITINPDTSKNQFSLQLNSVTPEDTAVYYC	ARQGSTYFDY	10	WGQGTLVTVSS
VHH_037	120	QVQLQQSGPGLVKPSQTLSLTCAIS	GDSVSSNNFG	10	WNWIRQSPSRGLEXL	GRTYYRSK	8	WYNDYAVSVRSRITINPDTSKNQFSLQLNSVTPEDTAVYYC	ARQGSTYFDY	10	WGQGTLVTVSS
VHH_038	120	QVQLQQSGPGLVKPSQTLSLTCAIS	GDSVSSNNFG	10	WNWIRQSPSRGLEXL	GRTYYRSK	8	WYNDYAVSVRSRITINPDTSKNQFSLQLNSVTPEDTAVYYC	ARQGSTYFDY	10	WGQGTLVTVSS
VHH_039	120	QVQLQQSGPGLVKPSQTLSLTCAIS	GDSVSSNNFG	10	WNWIRQSPSRGLEXL	GRTYYRSK	8	WYNDYAVSVRSRITINPDTSKNQFSLQLNSVTPEDTAVYYC	ARQGSTYFDY	10	WGQGTLVTVSS
VHH_040	120	QVQLQQSGPGLVKPSQTLSLTCAIS	GDSVSSNNFG	10	WNWIRQSPSRGLEXL	GRTYYRSK	8	WYNDYAVSVRSRITINPDTSKNQFSLQLNSVTPEDTAVYYC	ARQGSTYFDY	10	WGQGTLVTVSS
VHH_041	120	QVQLQQSGPGLVKPSQTLSLTCAIS	GDSVSSNNFG	10	WNWIRQSPSRGLEXL	GRTYYRSK	8	WYNDYAVSVRSRITINPDTSKNQFSLQLNSVTPEDTAVYYC	ARQGSTYFDY	10	WGQGTLVTVSS
VHH_042	120	QVQLQQSGPGLVKPSQTLSLTCAIS	GDSVSSNNFG	10	WNWIRQSPSRGLEXL	GRTYYRSK	8	WYNDYAVSVRSRITINPDTSKNQFSLQLNSVTPEDTAVYYC	ARQGSTYFDY	10	WGQGTLVTVSS
VHH_043	120	QVQLQQSGPGLVKPSQTLSLTCAIS	GDSVSSNNFG	10	WNWIRQSPSRGLEXL	GRTYYRSK	8	WYNDYAVSVRSRITINPDTSKNQFSLQLNSVTPEDTAVYYC	ARQGSTYFDY	10	WGQGTLVTVSS
VHH_044	120	QVQLQQSGPGLVKPSQTLSLTCAIS	GDSVSSNNFG	10	WNWIRQSPSRGLEXL	GRTYYRSK	8	WYNDYAVSVRSRITINPDTSKNQFSLQLNSVTPEDTAVYYC	ARQGSTYFDY	10	WGQGTLVTVSS
VHH_045	120	QVQLQQSGPGLVKPSQTLSLTCAIS	GDSVSSNNFG	10	WNWIRQSPSRGLEXL	GRTYYRSK	8	WYNDYAVSVRSRITINPDTSKNQFSLQLNSVTPEDTAVYYC	ARQGSTYFDY	10	WGQGTLVTVSS
VHH_046	120	QVQLQQSGPGLVKPSQTLSLTCAIS	GDSVSSNNFG	10	WNWIRQSPSRGLEXL	GRTYYRSK	8	WYNDYAVSVRSRITINPDTSKNQFSLQLNSVTPEDTAVYYC	ARQGSTYFDY	10	WGQGTLVTVSS
VHH_047	120	QVQLQQSGPGLVKPSQTLSLTCAIS	GDSVSSNNFG	10	WNWIRQSPSRGLEXL	GRTYYRSK	8	WYNDYAVSVRSRITINPDTSKNQFSLQLNSVTPEDTAVYYC	ARQGSTYFDY	10	WGQGTLVTVSS
VHH_048	120	QVQLQQSGPGLVKPSQTLSLTCAIS	GDSVSSNNFG	10	WNWIRQSPSRGLEXL	GRTYYRSK	8	WYNDYAVSVRSRITINPDTSKNQFSLQLNSVTPEDTAVYYC	ARQGSTYFDY	10	WGQGTLVTVSS
VHH_049	120	QVQLQQSGPGLVKPSQTLSLTCAIS	GDSVSSNNFG	10	WNWIRQSPSRGLEXL	GRTYYRSK	8	WYNDYAVSVRSRITINPDTSKNQFSLQLNSVTPEDTAVYYC	ARQGSTYFDY	10	WGQGTLVTVSS
VHH_050	120	QVQLQQSGPGLVKPSQTLSLTCAIS	GDSVSSNNFG	10	WNWIRQSPSRGLEXL	GRTYYRSK	8	WYNDYAVSVRSRITINPDTSKNQFSLQLNSVTPEDTAVYYC	ARQGSTYFDY	10	WGQGTLVTVSS
VHH_051	120	QVQLQQSGPGLVKPSQTLSLTCAIS	GDSVSSNNFG	10	WNWIRQSPSRGLEXL	GRTYYRSK	8	WYNDYAVSVRSRITINPDTSKNQFSLQLNSVTPEDTAVYYC	ARQGSTYFDY	10	WGQGTLVTVSS
VHH_052	120	QVQLQQSGPGLVKPSQTLSLTCAIS	GDSVSSNNFG	10	WNWIRQSPSRGLEXL	GRTYYRSK	8	WYNDYAVSVRSRITINPDTSKNQFSLQLNSVTPEDTAVYYC	ARQGSTYFDY	10	WGQGTLVTVSS
VHH_053	120	QVQLQQSGPGLVKPSQTLSLTCAIS	GDSVSSNNFG	10	WNWIRQSPSRGLEXL	GRTYYRSK	8	WYNDYAVSVRSRITINPDTSKNQFSLQLNSVTPEDTAVYYC	ARQGSTYFDY	10	WGQGTLVTVSS
VHH_054	120	QVQLQQSGPGLVKPSQTLSLTCAIS	GDSVSSNNFG	10	WNWIRQSPSRGLEXL	GRTYYRSK	8	WYNDYAVSVRSRITINPDTSKNQFSLQLNSVTPEDTAVYYC	ARQGSTYFDY	10	WGQGTLVTVSS
VHH_055	120	QVQLQQSGPGLVKPSQTLSLTCAIS	GDSVSSNNFG	10	WNWIRQSPSRGLEXL	GRTYYRSK	8	WYNDYAVSVRSRITINPDTSKNQFSLQLNSVTPEDTAVYYC	ARQGSTYFDY	10	WGQGTLVTVSS
VHH_056	120	QVQLQQSGPGLVKPSQTLSLTCAIS	GDSVSSNNFG	10	WNWIRQSPSRGLEXL	GRTYYRSK	8	WYNDYAVSVRSRITINPDTSKNQFSLQLNSVTPEDTAVYYC	ARQGSTYFDY	10	WGQGTLVTVSS
VHH_057	120	QVQLQQSGPGLVKPSQTLSLTCAIS	GDSVSSNNFG	10	WNWIRQSPSRGLEXL	GRTYYRSK	8	WYNDYAVSVRSRITINPDTSKNQFSLQLNSVTPEDTAVYYC	ARQGSTYFDY	10	WGQGTLVTVSS
VHH_058	120	QVQLQQSGPGLVKPSQTLSLTCAIS	GDSVSSNNFG	10	WNWIRQSPSRGLEXL	GRTYYRSK	8	WYNDYAVSVRSRITINPDTSKNQFSLQLNSVTPEDTAVYYC	ARQGSTYFDY	10	WGQGTLVTVSS
VHH_059	120	QVQLQQSGPGLVKPSQTLSLTCAIS	GDSVSSNNFG	10	WNWIRQSPSRGLEXL	GRTYYRSK	8	WYNDYAVSVRSRITINPDTSKNQFSLQLNSVTPEDTAVYYC	ARQGSTYFDY	10	WGQGTLVTVSS
VHH_060	120	QVQLQQSGPGLVKPSQTLSLTCAIS	GDSVSSNNFG	10	WNWIRQSPSRGLEXL	GRTYYRSK	8	WYNDYAVSVRSRITINPDTSKNQFSLQLNSVTPEDTAVYYC	ARQGSTYFDY	10	WGQGTLVTVSS
VHH_061	120	QVQLQQSGPGLVKPSQTLSLTCAIS	GDSVSSNNFG	10	WNWIRQSPSRGLEXL	GRTYYRSK	8	WYNDYAVSVRSRITINPDTSKNQFSLQLNSVTPEDTAVYYC	ARQGSTYFDY	10	WGQGTLVTVSS
VHH_062	120	QVQLQQSGPGLVKPSQTLSLTCAIS	GDSVSSNNFG	10	WNWIRQSPSRGLEXL	GRTYYRSK	8	WYNDYAVSVRSRITINPDTSKNQFSLQLNSVTPEDTAVYYC	ARQGSTYFDY	10	WGQGTLVTVSS
VHH_063	120	QVQLQQSGPGLVKPSQTLSLTCAIS	GDSVSSNNFG	10	WNWIRQSPSRGLEXL	GRTYYRSK	8	WYNDYAVSVRSRITINPDTSKNQFSLQLNSVTPEDTAVYYC	ARQGSTYFDY	10	WGQGTLVTVSS
VHH_064	120	QVQLQQSGPGLVKPSQTLSLTCAIS	GDSVSSNNFG	10	WNWIRQSPSRGLEXL	GRTYYRSK	8	WYNDYAVSVRSRITINPDTSKNQFSLQLNSVTPEDTAVYYC	ARQGSTYFDY	10	WGQGTLVTVSS
VHH_065	120	QVQLQQSGPGLVKPSQTLSLTCAIS	GDSVSSNNFG	10	WNWIRQSPSRGLEXL	GRTYYRSK	8	WYNDYAVSVRSRITINPDTSKNQFSLQLNSVTPEDTAVYYC	ARQGSTYFDY	10	WGQGTLVTVSS
VHH_066	120	QVQLQQSGPGLVKPSQTLSLTCAIS	GDSVSSNNFG	10	WNWIRQSPSRGLEXL	GRTYYRSK	8	WYNDYAVSVRSRITINPDTSKNQFSLQLNSVTPEDTAVYYC	ARQGSTYFDY	10	WGQGTLVTVSS
VHH_067	120	QVQLQQSGPGLVKPSQTLSLTCAIS	GDSVSSNNFG	10	WNWIRQSPSRGLEXL	GRTYYRSK	8	WYNDYAVSVRSRITINPDTSKNQFSLQLNSVTPEDTAVYYC	ARQGSTYFDY	10	WGQGTLVTVSS
VHH_068	120	QVQLQQSGPGLVKPSQTLSLTCAIS	GDSVSSNNFG	10	WNWIRQSPSRGLEXL	GRTYYRSK	8	WYNDYAVSVRSRITINPDTSKNQFSLQLNSVTPEDTAVYYC	ARQGSTYFDY	10	WGQGTLVTVSS
VHH_069	120	QVQLQQSGPGLVKPSQTLSLTCAIS	GDSVSSNNFG	10	WNWIRQSPSRGLEXL	GRTYYRSK	8	WYNDYAVSVRSRITINPDTSKNQFSLQLNSVTPEDTAVYYC	ARQGSTYFDY	10	WGQGTLVTVSS
VHH_070	120	QVQLQQSGPGLVKPSQTLSLTCAIS	GDSVSSNNFG	10	WNWIRQSPSRGLEXL	GRTYYRSK	8	WYNDYAVSVRSRITINPDTSKNQFSLQLNSVTPEDTAVYYC	ARQGSTYFDY	10	WGQGTLVTVSS
VHH_071	120	QVQLQQSGPGLVKPSQTLSLTCAIS	GDSVSSNNFG	10	WNWIRQSPSRGLEXL	GRTYYRSK	8	WYNDYAVSVRSRITINPDTSKNQFSLQLNSVTPEDTAVYYC	ARQGSTYFDY	10	WGQGTLVTVSS
VHH_072	120	QVQLQQSGPGLVKPSQTLSLTCAIS	GDSVSSNNFG	10	WNWIRQSPSRGLEXL	GRTYYRSK	8	WYNDYAVSVRSRITINPDTSKNQFSLQLNSVTPEDTAVYYC	ARQGSTYFDY	10	WGQGTLVTVSS
VHH_073	120	QVQLQQSGPGLVKPSQTLSLTCAIS	GDSVSSNNFG	10	WNWIRQSPSRGLEXL	GRTYYRSK	8	WYNDYAVSVRSRITINPDTSKNQFSLQLNSVTPEDTAVYYC	ARQGSTYFDY	10	WGQGTLVTVSS
VHH_074	120	QVQLQQSGPGLVKPSQTLSLTCAIS	GDSVSSNNFG	10	WNWIRQSPSRGLEXL	GRTYYRSK	8	WYNDYAVSVRSRITINPDTSKNQFSLQLNSVTPEDTAVYYC	ARQGSTYFDY	10	WGQGTLVTVSS
VHH_075	120	QVQLQQSGPGLVKPSQTLSLTCAIS	GDSVSSNNFG	10	WNWIRQSPSRGLEXL	GRTYYRSK	8	WYNDYAVSVRSRITINPDTSKNQFSLQLNSVTPEDTAVYYC	ARQGSTYFDY	10	WGQGTLVTVSS
VHH_076	120	QVQLQQSGPGLVKPSQTLSLTCAIS	GDSVSSNNFG	10	WNWIRQSPSRGLEXL	GRTYYRSK	8	WYNDYAVSVRSRITINPDTSKNQFSLQLNSVTPEDTAVYYC	ARQGSTYFDY	10	WGQGTLVTVSS
VHH_077	120	QVQLQQSGPGLVKPSQTLSLTCAIS	GDSVSSNNFG	10	WNWIRQSPSRGLEXL	GRTYYRSK	8	WYNDYAVSVRSRITINPDTSKNQFSLQLNSVTPEDTAVYYC	ARQGSTYFDY	10	WGQGTLVTVSS
VHH_078	120	QVQLQQSGPGLVKPSQTLSLTCAIS	GDSVSSNNFG	10	WNWIRQSPSRGLEXL	GRTYYRSK	8	WYNDYAVSVRSRITINPDTSKNQFSLQLNSVTPEDTAVYYC	ARQGSTYFDY	10	WGQGTLVTVSS
VHH_079	120	QVQLQQSGPGLVKPSQTLSLTCAIS	GDSVSSNNFG	10	WNWIRQSPSRGLEXL	GRTYYRSK	8	WYNDYAVSVRSRITINPDTSKNQFSLQLNSVTPEDTAVYYC	ARQGSTYFDY	10	WGQGTLVTVSS
VHH_080	120	QVQLQQSGPGLVKPSQTLSLTCAIS	GDSVSSNNFG	10	WNWIRQSPSRGLEXL	GRTYYRSK	8	WYNDYAVSVRSRITINPDTSKNQFSLQLNSVTPEDTAVYYC	ARQGSTYFDY	10	WGQGTLVTVSS
VHH_081	120	QVQLQQSGPGLVKPSQTLSLTCAIS	GDSVSSNNFG	10	WNWIRQSPSRGLEXL	GRTYYRSK	8	WYNDYAVSVRSRITINPDTSKNQFSLQLNSVTPEDTAVYYC	ARQGSTYFDY	10	WGQGTLVTVSS
VHH_082	120	QVQLQQSGPGLVKPSQTLSLTCAIS	GDSVSSNNFG	10	WNWIRQSPSRGLEXL	GRTYYRSK	8	WYNDYAVSVRSRITINPDTSKNQFSLQLNSVTPEDTAVYYC	ARQGSTYFDY	10	WGQGTLVTVSS
VHH_083	120	QVQLQQSGPGLVKPSQTLSLTCAIS	GDSVSSNNFG	10	WNWIRQSPSRGLEXL	GRTYYRSK	8	WYNDYAVSVRSXITINPDTSKNQFSLQLNSVTPEDTAVYYC	ARQGSTYFDY	10	WGQGTLVTVSS
